,Date,Country,New Cases,Cumulative Cases,New Deaths,Cumulative Deaths,transaction count,volume,volume weighted average price,open,close,high,low
0,2020-01-03,United States of America,0,0,0,0,99633,3766604.0,1875.4284,1864.5,1874.97,1886.1965,1864.5
1,2020-01-06,United States of America,0,0,0,0,104160,4065698.0,1891.9954,1860.0,1902.88,1903.69,1860.0
2,2020-01-07,United States of America,0,0,0,0,98636,4134010.0,1903.2183,1904.5,1906.86,1913.89,1892.0433
3,2020-01-08,United States of America,0,0,0,0,95706,3511966.0,1900.4983,1898.04,1891.97,1910.9999,1886.4448
4,2020-01-09,United States of America,0,0,0,0,84377,3174962.0,1906.0261,1909.89,1901.05,1917.82,1895.8038
5,2020-01-10,United States of America,0,0,0,0,82119,2856959.0,1891.0105,1905.37,1883.16,1906.94,1880.0
6,2020-01-13,United States of America,0,0,0,0,78771,2785844.0,1890.9052,1891.31,1891.3,1898.0,1880.8
7,2020-01-14,United States of America,0,0,0,0,97321,3446381.0,1870.1325,1885.88,1869.44,1887.11,1858.55
8,2020-01-15,United States of America,0,0,0,0,80354,2894292.0,1865.0391,1872.25,1862.02,1878.86,1855.09
9,2020-01-16,United States of America,0,0,0,0,71725,2659493.0,1874.6885,1882.99,1877.94,1885.59,1866.02
10,2020-01-17,United States of America,0,0,0,0,93115,3997340.0,1867.4843,1885.89,1864.72,1886.64,1857.25
11,2020-01-21,United States of America,0,1,0,0,87934,3707785.0,1878.2521,1865.0,1892.0,1894.27,1860.0
12,2020-01-22,United States of America,0,1,0,0,83692,3210157.0,1892.1043,1896.09,1887.46,1902.5,1883.34
13,2020-01-23,United States of America,0,1,0,0,63432,2484613.0,1882.6549,1885.11,1884.58,1889.975,1872.76
14,2020-01-24,United States of America,0,1,0,0,100541,3766181.0,1869.5121,1891.37,1861.64,1894.99,1847.44
15,2020-01-27,United States of America,0,9,0,0,94786,3528509.0,1831.2442,1820.0,1828.34,1841.0,1815.34
16,2020-01-28,United States of America,0,9,0,0,73642,2808040.0,1846.8938,1840.5,1853.25,1858.11,1830.02
17,2020-01-29,United States of America,0,9,0,0,66279,2099050.0,1863.3284,1864.0,1858.0,1874.75,1855.02
18,2020-01-30,United States of America,0,9,0,0,198651,6327438.0,1956.9526,1858.0,1870.68,1872.87,1850.61
19,2020-01-31,United States of America,7,16,0,0,378587,15565783.0,2032.9560000000001,2051.47,2008.72,2055.72,2002.27
20,2020-02-03,United States of America,0,16,0,0,157552,5899094.0,2023.4539,2010.6,2004.2,2048.5,2000.25
21,2020-02-04,United States of America,0,16,0,0,140852,5289338.0,2038.5526,2029.88,2049.67,2059.8,2015.37
22,2020-02-05,United States of America,0,16,0,0,120368,4373799.0,2048.0258,2071.02,2039.87,2071.02,2032.0
23,2020-02-06,United States of America,0,16,0,0,82483,3182954.0,2046.8848,2041.02,2050.23,2056.3,2024.8001
24,2020-02-07,United States of America,10,26,0,0,135486,5095347.0,2077.4163,2041.99,2079.28,2098.53,2038.1
25,2020-02-10,United States of America,0,26,0,0,135564,5056196.0,2122.0813,2085.01,2133.91,2135.6,2084.96
26,2020-02-11,United States of America,0,26,0,0,153040,5744996.0,2162.7577,2150.9,2150.8,2185.95,2136.0
27,2020-02-12,United States of America,0,26,0,0,98748,3334264.0,2167.2561,2163.2,2160.0,2180.2494,2155.29
28,2020-02-13,United States of America,0,26,0,0,85944,3031791.0,2154.7093,2144.99,2149.87,2170.28,2142.0
29,2020-02-14,United States of America,10,36,0,0,74726,2606169.0,2139.4129,2155.68,2134.87,2159.0352,2125.89
30,2020-02-18,United States of America,0,36,0,0,87103,2951070.0,2148.0473,2125.02,2155.67,2166.07,2124.105
31,2020-02-19,United States of America,0,36,0,0,76926,2561165.0,2175.5599,2167.8,2170.22,2185.1,2161.12
32,2020-02-20,United States of America,0,36,0,0,88217,3131322.0,2153.5282,2173.07,2153.1,2176.79,2127.45
33,2020-02-21,United States of America,16,52,0,0,131586,4637440.0,2107.7886,2142.15,2095.97,2144.55,2088.0
34,2020-02-24,United States of America,0,52,0,0,227277,6535797.0,2010.3545,2003.18,2009.29,2039.295,1987.9742
35,2020-02-25,United States of America,0,52,0,0,205343,6119094.0,1988.4270000000001,2026.42,1972.74,2034.6,1958.42
36,2020-02-26,United States of America,0,52,0,0,166985,5240402.0,1987.1834,1970.28,1979.59,2014.67,1960.45
37,2020-02-27,United States of America,0,52,0,0,255921,8143993.0,1921.8656,1934.38,1884.3,1975.0,1882.7621
38,2020-02-28,United States of America,31,83,0,0,310386,9493797.0,1850.4402,1814.63,1883.75,1889.76,1811.129
39,2020-03-02,United States of America,0,83,0,0,200857,6754011.0,1913.8323,1906.49,1953.95,1954.51,1870.0
40,2020-03-03,United States of America,0,83,0,0,217758,7534491.0,1940.8089,1975.37,1908.99,1996.33,1888.0901
41,2020-03-04,United States of America,0,83,0,0,133027,4764481.0,1951.7325,1946.57,1975.83,1978.0,1922.0
42,2020-03-05,United States of America,0,83,0,0,137422,4748210.0,1934.1617,1933.0,1924.03,1960.72,1910.0
43,2020-03-06,United States of America,120,203,6,6,160142,5273580.0,1887.8316,1875.0,1901.09,1910.87,1869.5
44,2020-03-09,United States of America,0,203,0,6,241612,7813232.0,1818.6734,1773.86,1800.61,1862.77,1761.2901
45,2020-03-10,United States of America,0,203,0,6,194021,7133310.0,1861.16,1870.88,1891.82,1894.27,1818.17
46,2020-03-11,United States of America,0,203,0,6,172916,5644331.0,1834.7722,1857.85,1820.86,1871.3194,1801.5
47,2020-03-12,United States of America,0,203,0,6,355932,11346214.0,1707.1718,1721.98,1676.61,1765.0,1675.0
48,2020-03-13,United States of America,1234,1437,8,14,273400,8809725.0,1735.1105,1755.0,1785.0,1786.31,1680.62
49,2020-03-16,United States of America,0,1437,0,14,268234,8917265.0,1700.2793,1641.51,1689.15,1759.4519,1626.0318
50,2020-03-17,United States of America,0,1437,0,14,332369,10757129.0,1787.8428,1775.47,1807.84,1857.775,1689.2402
51,2020-03-18,United States of America,0,1437,0,14,295614,9645218.0,1798.289,1750.0,1830.0,1841.66,1745.0
52,2020-03-19,United States of America,0,1437,0,14,298124,10392943.0,1901.168,1860.0,1880.93,1945.0,1832.65
53,2020-03-20,United States of America,8469,9906,135,149,277841,9817850.0,1882.7915,1926.31,1846.09,1957.0,1820.73
54,2020-03-23,United States of America,0,9906,0,149,238476,7808489.0,1874.1779999999999,1827.75,1902.83,1919.4,1812.0
55,2020-03-24,United States of America,0,9906,0,149,219520,7147080.0,1930.3228,1951.495,1940.1,1955.0,1900.3403
56,2020-03-25,United States of America,0,9906,0,149,229012,6479073.0,1911.4714,1920.69,1885.84,1950.26,1885.78
57,2020-03-26,United States of America,0,9906,0,149,182616,6235118.0,1924.0587,1902.0,1955.49,1956.49,1889.29
58,2020-03-27,United States of America,60591,70497,1154,1303,166886,5387897.0,1914.9554,1930.86,1900.1,1939.79,1899.92
59,2020-03-30,United States of America,0,70497,0,1303,170631,6126087.0,1953.4227,1922.83,1963.95,1973.63,1912.34
60,2020-03-31,United States of America,0,70497,0,1303,155507,5123626.0,1966.9637,1964.35,1949.72,1993.02,1944.01
61,2020-04-01,United States of America,0,70497,0,1303,141417,4121875.0,1917.9707,1932.97,1907.7,1944.96,1893.0
62,2020-04-02,United States of America,0,70497,0,1303,123267,4335985.0,1911.2525,1901.64,1918.83,1927.5258,1890.0
63,2020-04-03,United States of America,159264,229761,5445,6748,113599,3609870.0,1903.6781,1911.15,1906.59,1926.33,1889.15
64,2020-04-06,United States of America,0,229761,0,6748,160253,5773181.0,1969.6712,1936.0,1997.59,1998.52,1930.02
65,2020-04-07,United States of America,0,229761,0,6748,158531,5113983.0,2017.1979999999999,2017.11,2011.6,2035.72,1997.62
66,2020-04-08,United States of America,0,229761,0,6748,127192,3977313.0,2028.685,2021.0,2043.0,2044.0,2011.15
67,2020-04-09,United States of America,0,229761,0,6748,143709,4655617.0,2036.0721,2044.3,2042.76,2053.0,2017.66
68,2020-04-13,United States of America,0,448826,0,19420,216597,6716709.0,2132.0429,2040.0,2168.87,2180.0,2038.0
69,2020-04-14,United States of America,0,448826,0,19420,259252,8086753.0,2258.0797,2200.47,2283.32,2292.0,2186.21
70,2020-04-15,United States of America,0,448826,0,19420,229327,6866567.0,2294.2983,2257.68,2307.68,2333.369,2245.0
71,2020-04-16,United States of America,0,448826,0,19420,381632,12038201.0,2395.7533,2346.0,2408.19,2460.9981,2335.0
72,2020-04-17,United States of America,206847,655673,15500,34920,277960,7930010.0,2361.019,2372.33,2375.0,2400.0,2316.02
73,2020-04-20,United States of America,0,655673,0,34920,204633,5770694.0,2410.032,2389.95,2393.61,2444.98,2386.05
74,2020-04-21,United States of America,0,655673,0,34920,272679,7476679.0,2343.7498,2416.61,2328.12,2428.3099,2279.66
75,2020-04-22,United States of America,0,655673,0,34920,140734,4218097.0,2371.9196,2369.0,2363.49,2394.0,2351.0
76,2020-04-23,United States of America,0,655673,0,34920,168217,5066552.0,2403.8015,2399.98,2399.45,2424.22,2382.08
77,2020-04-24,United States of America,201724,857397,15414,50334,137508,3831797.0,2403.2965,2417.0,2410.22,2420.4332,2382.0
78,2020-04-27,United States of America,0,857397,0,50334,204761,5645645.0,2401.1231,2443.2,2376.0,2444.88,2363.0
79,2020-04-28,United States of America,0,857397,0,50334,203377,5269446.0,2330.3331,2372.1,2314.08,2373.5,2306.0
80,2020-04-29,United States of America,0,857397,0,50334,175822,4591593.0,2361.7102,2330.01,2372.71,2391.89,2310.0
81,2020-04-30,United States of America,0,857397,0,50334,348363,9534611.0,2422.7562,2419.84,2474.0,2475.0,2396.01
82,2020-05-01,United States of America,195210,1052607,13828,64162,410556,9772526.0,2307.1135,2336.8,2286.04,2362.44,2258.1901
83,2020-05-04,United States of America,0,1052607,0,64162,168282,4863926.0,2301.0094,2256.38,2315.99,2326.98,2256.38
84,2020-05-05,United States of America,0,1052607,0,64162,128160,3242496.0,2330.7877,2340.0,2317.8,2351.0,2307.1251
85,2020-05-06,United States of America,0,1052607,0,64162,114423,3117814.0,2341.9484,2329.44,2351.26,2357.45,2320.0
86,2020-05-07,United States of America,0,1052607,0,64162,113393,3396411.0,2359.8066,2374.78,2367.61,2376.0,2343.11
87,2020-05-08,United States of America,187348,1239955,12706,76868,111015,3211228.0,2374.5936,2372.14,2379.61,2387.2449,2357.0
88,2020-05-11,United States of America,0,1239955,0,76868,121012,3259231.0,2406.1584,2374.7,2409.0,2419.665,2372.11
89,2020-05-12,United States of America,0,1239955,0,76868,122749,3074916.0,2391.6349,2411.85,2356.95,2418.9999,2355.0
90,2020-05-13,United States of America,0,1239955,0,76868,173568,4782919.0,2370.0660000000003,2366.8,2367.92,2407.7,2337.805
91,2020-05-14,United States of America,0,1239955,0,76868,122971,3648128.0,2372.1389,2361.01,2388.85,2391.37,2353.21
92,2020-05-15,United States of America,158804,1398759,10363,87231,136695,4234951.0,2386.3504,2368.52,2409.78,2411.0,2356.37
93,2020-05-18,United States of America,0,1398759,0,87231,159846,4366572.0,2416.2301,2404.3456,2426.26,2433.0,2384.01
94,2020-05-19,United States of America,0,1398759,0,87231,163871,4320494.0,2465.4339999999997,2429.83,2449.33,2484.995,2428.97
95,2020-05-20,United States of America,0,1398759,0,87231,140232,3998143.0,2487.3021,2477.87,2497.94,2500.01,2467.27
96,2020-05-21,United States of America,0,1398759,0,87231,189641,5111673.0,2472.7888,2500.0,2446.74,2525.45,2442.54
97,2020-05-22,United States of America,158299,1557058,9452,96683,112387,2867075.0,2445.07,2455.01,2436.88,2469.85,2430.13
98,2020-05-26,United States of America,0,1557058,0,96683,129659,3568152.0,2436.0812,2458.0,2421.86,2462.0,2414.06
99,2020-05-27,United States of America,0,1557058,0,96683,191245,5056876.0,2380.9226,2404.99,2410.39,2413.58,2330.0
100,2020-05-28,United States of America,0,1557058,0,96683,118927,3193131.0,2413.8959,2384.33,2401.1,2436.9699,2378.23
101,2020-05-29,United States of America,144792,1701850,6815,103498,106394,3529328.0,2421.0863,2415.94,2442.37,2442.37,2398.1973
102,2020-06-01,United States of America,0,1701850,0,103498,100206,2938032.0,2466.0531,2448.0,2471.04,2476.93,2444.17
103,2020-06-02,United States of America,0,1701850,0,103498,89134,2529900.0,2463.5877,2467.0,2472.41,2473.53,2445.31
104,2020-06-03,United States of America,0,1701850,0,103498,102064,2670947.0,2474.5855,2468.01,2478.4,2488.0,2461.17
105,2020-06-04,United States of America,0,1701850,0,103498,114200,2946403.0,2476.888,2477.43,2460.6,2507.54,2450.01
106,2020-06-05,United States of America,144660,1846510,6485,109983,116854,3306233.0,2470.9736,2444.51,2483.0,2488.645,2437.13
107,2020-06-08,United States of America,0,1846510,0,109983,140687,3970652.0,2512.7482,2500.2,2524.06,2530.0,2487.335
108,2020-06-09,United States of America,0,1846510,0,109983,198018,5175944.0,2589.167,2529.44,2600.86,2626.43,2525.0
109,2020-06-10,United States of America,0,1846510,0,109983,191937,4946029.0,2651.6201,2645.0,2647.45,2722.35,2626.26
110,2020-06-11,United States of America,0,1846510,0,109983,237788,5798444.0,2607.0682,2603.5,2557.96,2671.38,2536.23
111,2020-06-12,United States of America,143083,1989593,5054,115037,194261,5436127.0,2557.1161,2601.21,2545.02,2621.4766,2503.35
112,2020-06-15,United States of America,0,1989593,0,115037,136483,3873335.0,2549.4655,2526.6,2572.68,2584.0,2508.0001
113,2020-06-16,United States of America,0,1989593,0,115037,136266,3595649.0,2608.5392,2620.0,2615.27,2620.0,2576.0
114,2020-06-17,United States of America,0,1989593,0,115037,108148,2959316.0,2644.3448,2647.5,2640.98,2655.0,2631.82
115,2020-06-18,United States of America,0,1989593,0,115037,88899,2487774.0,2649.5787,2647.01,2653.98,2659.64,2636.11
116,2020-06-19,United States of America,158815,2148408,4596,119633,140630,5776963.0,2678.7146,2678.08,2675.01,2697.43,2659.0
117,2020-06-22,United States of America,0,2148408,0,119633,115435,3208780.0,2697.4186,2684.5,2713.82,2715.0,2669.0
118,2020-06-23,United States of America,0,2148408,0,119633,157546,4231707.0,2761.4618,2726.02,2764.41,2783.11,2718.04
119,2020-06-24,United States of America,0,2148408,0,119633,180027,4526605.0,2750.1658,2780.0,2734.4,2796.0,2721.0
120,2020-06-25,United States of America,0,2148408,0,119633,118307,2968602.0,2738.4092,2739.55,2754.58,2756.23,2712.14
121,2020-06-26,United States of America,219240,2367648,4149,123782,208123,6450784.0,2729.9004,2775.0559999999996,2692.87,2782.5688,2688.0
122,2020-06-29,United States of America,0,2367648,0,123782,160190,4223422.0,2672.9933,2690.01,2680.38,2696.8,2630.08
123,2020-06-30,United States of America,0,2367648,0,123782,138893,3769686.0,2736.2093,2685.065,2758.82,2769.63,2675.03
124,2020-07-01,United States of America,0,2367648,0,123782,215531,6363439.0,2830.1087,2757.99,2878.7,2895.0,2754.0
125,2020-07-02,United States of America,0,2367648,0,123782,234492,6593387.0,2912.5118,2912.01,2890.3,2955.56,2871.1021
126,2020-07-06,United States of America,0,2679197,0,127558,253595,6880642.0,3008.2062,2934.97,3057.04,3059.88,2930.0
127,2020-07-07,United States of America,0,2679197,0,127558,224393,5244476.0,3034.468,3058.55,3000.12,3069.55,2990.0
128,2020-07-08,United States of America,0,2679197,0,127558,188688,5037570.0,3053.0377,3022.61,3081.11,3083.97,3012.4301
129,2020-07-09,United States of America,0,2679197,0,127558,242433,6387759.0,3135.0009999999997,3115.99,3182.63,3193.8799,3074.0016
130,2020-07-10,United States of America,369158,3048355,4469,132027,212669,5485982.0,3185.4146,3191.76,3200.0,3215.0,3135.7
131,2020-07-13,United States of America,0,3048355,0,132027,352972,7720130.0,3235.1053,3251.06,3104.0,3344.29,3068.3901
132,2020-07-14,United States of America,0,3048355,0,132027,357826,7231933.0,3046.6138,3089.0,3084.0,3127.38,2950.0
133,2020-07-15,United States of America,0,3048355,0,132027,281285,5788874.0,3026.1322,3080.23,3008.87,3098.35,2973.1801
134,2020-07-16,United States of America,0,3048355,0,132027,284126,6394192.0,2974.8909,2971.06,2999.9,3032.0,2918.23
135,2020-07-17,United States of America,440415,3488770,5423,137450,207323,4688019.0,2975.4077,3009.0,2961.97,3024.0,2948.45
136,2020-07-20,United States of America,0,3488770,0,137450,349491,7596741.0,3111.4098,3000.2,3196.84,3201.3599,2994.0172
137,2020-07-21,United States of America,0,3488770,0,137450,304961,6134963.0,3154.6446,3232.49,3138.29,3240.5758,3105.72
138,2020-07-22,United States of America,0,3488770,0,137450,190784,4103211.0,3103.8184,3125.0,3099.91,3149.9999,3065.26
139,2020-07-23,United States of America,0,3488770,0,137450,298743,5656906.0,3019.0355,3098.2713,2986.55,3098.2713,2970.0
140,2020-07-24,United States of America,465926,3954696,6107,143557,277444,5632413.0,2977.8149,2930.0,3008.91,3031.58,2888.0
141,2020-07-27,United States of America,0,3954696,0,143557,202776,4170379.0,3056.9559,3062.0,3055.21,3098.0,3015.77
142,2020-07-28,United States of America,0,3954696,0,143557,152374,3126651.0,3037.4056,3054.27,3000.33,3077.0926,2995.76
143,2020-07-29,United States of America,0,3954696,0,143557,149789,2972035.0,3024.1536,3030.99,3033.53,3039.1592,2996.77
144,2020-07-30,United States of America,0,3954696,0,143557,301796,6113775.0,3084.6753,3014.0,3051.88,3092.0,3005.0
145,2020-07-31,United States of America,449369,4404065,7502,151059,332915,8083330.0,3184.2221,3244.0,3164.68,3246.82,3151.0
146,2020-08-03,United States of America,0,4404065,0,151059,253926,5072413.0,3130.0824,3180.51,3111.89,3184.0,3104.0
147,2020-08-04,United States of America,0,4404065,0,151059,196668,4676794.0,3127.5127,3101.21,3138.83,3167.24,3101.21
148,2020-08-05,United States of America,0,4404065,0,151059,188852,3930025.0,3184.5018,3143.77,3205.03,3213.5859,3127.3
149,2020-08-06,United States of America,0,4404065,0,151059,181224,3940602.0,3209.3728,3194.36,3225.0,3247.47,3165.43
150,2020-08-07,United States of America,396111,4800176,7336,158395,196134,3936127.0,3185.6557,3224.01,3167.46,3240.81,3140.6726
151,2020-08-10,United States of America,0,4800176,0,158395,156735,3167274.0,3139.5948,3170.31,3148.16,3172.51,3101.52
152,2020-08-11,United States of America,0,4800176,0,158395,190413,3718048.0,3113.3159,3113.2,3080.67,3159.22,3073.0
153,2020-08-12,United States of America,0,4800176,0,158395,158126,3527229.0,3150.1637,3108.0,3162.24,3174.385,3101.42
154,2020-08-13,United States of America,0,4800176,0,158395,162133,3149043.0,3188.6197,3182.99,3161.02,3217.5211,3155.0
155,2020-08-14,United States of America,374573,5174749,7237,165632,131474,2751723.0,3145.8103,3178.18,3148.02,3178.2357,3120.0
156,2020-08-17,United States of America,0,5174749,0,165632,121230,2691237.0,3176.5085,3173.12,3182.41,3194.97,3154.1775
157,2020-08-18,United States of America,0,5174749,0,165632,239206,5345974.0,3284.6616,3212.0,3312.49,3320.0,3205.8187
158,2020-08-19,United States of America,0,5174749,0,165632,192783,4185137.0,3286.3914,3303.01,3260.48,3315.9,3256.0001
159,2020-08-20,United States of America,0,5174749,0,165632,144630,3332478.0,3286.4385,3252.0,3297.37,3312.62,3238.0
160,2020-08-21,United States of America,327948,5502697,6921,172553,148879,3575862.0,3287.1294,3295.0,3284.72,3314.3962,3275.39
161,2020-08-24,United States of America,0,5502697,0,172553,205714,4666258.0,3314.0714,3310.15,3307.46,3380.315,3257.5608
162,2020-08-25,United States of America,0,5502697,0,172553,153714,3991782.0,3325.5281,3294.99,3346.49,3357.4,3267.0
163,2020-08-26,United States of America,0,5502697,0,172553,231490,6508743.0,3410.0939,3351.11,3441.85,3451.7387,3344.5675
164,2020-08-27,United States of America,0,5502697,0,172553,190077,4232425.0,3419.2708,3450.05,3400.0,3453.0,3378.0
165,2020-08-28,United States of America,293894,5796591,6499,179052,128234,2881978.0,3408.0352,3423.0,3401.8,3433.3699,3386.5
166,2020-08-31,United States of America,0,5796591,0,179052,189831,4179585.0,3464.2624,3408.99,3450.96,3495.0,3405.0
167,2020-09-01,United States of America,0,5796591,0,179052,173612,3471592.0,3494.2343,3489.58,3499.12,3513.87,3467.0
168,2020-09-02,United States of America,0,5796591,0,179052,195730,3931476.0,3523.6384,3547.0,3531.45,3552.25,3486.685
169,2020-09-03,United States of America,0,5796591,0,179052,434387,8145613.0,3380.2459999999996,3485.0,3368.0,3488.41,3303.0
170,2020-09-04,United States of America,287102,6083693,6043,185095,474342,8717754.0,3250.8913,3318.0,3294.62,3381.5,3111.13
171,2020-09-08,United States of America,0,6083693,0,185095,303257,6080436.0,3180.3308,3144.0,3149.84,3250.845,3130.0
172,2020-09-09,United States of America,0,6083693,0,185095,240615,5188675.0,3256.4461,3202.99,3268.61,3303.175,3185.0
173,2020-09-10,United States of America,0,6083693,0,185095,266823,5330741.0,3263.6375,3307.2188,3175.11,3349.89,3170.55
174,2020-09-11,United States of America,254358,6338051,5140,190235,262357,5043842.0,3135.3093,3208.69,3116.22,3217.3409,3083.98
175,2020-09-14,United States of America,0,6338051,0,190235,226394,4529596.0,3134.9007,3172.9372,3102.97,3187.39,3096.0
176,2020-09-15,United States of America,0,6338051,0,190235,182529,4021535.0,3144.3457,3136.16,3156.13,3175.02,3108.92
177,2020-09-16,United States of America,0,6338051,0,190235,216466,4527559.0,3121.9651,3179.99,3078.1,3187.238,3074.15
178,2020-09-17,United States of America,0,6338051,0,190235,351904,6449039.0,3000.3641,3009.25,3008.73,3029.4320000000002,2972.55
179,2020-09-18,United States of America,269876,6607927,5684,195919,336452,8891300.0,2962.7682,3031.74,2954.91,3037.8,2905.54
180,2020-09-21,United States of America,0,6607927,0,195919,304152,6114575.0,2912.0093,2906.5,2960.47,2962.0,2871.0
181,2020-09-22,United States of America,0,6607927,0,195919,312294,6948791.0,3069.4954,3033.835,3128.99,3133.99,3000.2
182,2020-09-23,United States of America,0,6607927,0,195919,263058,5652665.0,3048.6423,3120.43,2999.86,3126.9990000000003,2992.3759
183,2020-09-24,United States of America,0,6607927,0,195919,256916,5529392.0,3027.0399,2977.79,3019.79,3069.3,2965.0
184,2020-09-25,United States of America,303871,6911798,5391,201310,194970,4615202.0,3060.6141,3054.86,3095.13,3101.54,2999.0
185,2020-09-28,United States of America,0,6911798,0,201310,192754,4224165.0,3154.4836,3148.85,3174.05,3175.04,3117.1684
186,2020-09-29,United States of America,0,6911798,0,201310,154046,3503398.0,3161.2716,3175.39,3144.88,3188.26,3132.54
187,2020-09-30,United States of America,0,6911798,0,201310,200061,4896101.0,3172.2073,3141.14,3148.73,3212.88,3133.99
188,2020-10-01,United States of America,0,6911798,0,201310,207139,4953206.0,3200.7715,3208.0,3221.26,3224.0,3172.0
189,2020-10-02,United States of America,292465,7204263,5095,206405,266315,5602598.0,3152.0762,3153.63,3125.0,3195.7965,3123.0
190,2020-10-05,United States of America,0,7204263,0,206405,166764,3752832.0,3178.0691,3145.84,3199.2,3202.53,3140.85
191,2020-10-06,United States of America,0,7204263,0,206405,262964,5081457.0,3135.4824,3165.0,3099.96,3182.0,3090.0
192,2020-10-07,United States of America,0,7204263,0,206405,195829,4304239.0,3170.4396,3135.0,3195.69,3200.0,3132.385
193,2020-10-08,United States of America,0,7204263,0,206405,147554,3174114.0,3196.4402,3224.99,3190.55,3233.2944,3174.99
194,2020-10-09,United States of America,316703,7520966,4965,211370,213811,4907871.0,3260.3882,3210.0,3286.65,3288.99,3197.83
195,2020-10-12,United States of America,0,7520966,0,211370,360550,8361378.0,3434.6474,3349.94,3442.93,3496.24,3339.55
196,2020-10-13,United States of America,0,7520966,0,211370,255472,5735697.0,3459.6668,3467.99,3443.63,3492.38,3424.217
197,2020-10-14,United States of America,0,7520966,0,211370,269537,5828916.0,3387.0216,3447.0,3363.71,3464.88,3340.0
198,2020-10-15,United States of America,0,7520966,0,211370,224287,5223448.0,3313.776,3292.01,3338.65,3355.88,3280.0
199,2020-10-16,United States of America,369392,7890358,5270,216640,249394,6439853.0,3329.6344,3363.23,3272.71,3399.6606,3160.0
200,2020-10-19,United States of America,0,7890358,0,216640,264789,5220616.0,3242.9058,3299.61,3207.21,3329.0,3192.735
201,2020-10-20,United States of America,0,7890358,0,216640,204420,4503028.0,3227.4845,3222.28,3217.01,3266.0,3192.01
202,2020-10-21,United States of America,0,7890358,0,216640,209820,4591888.0,3192.7601,3212.5,3184.94,3233.875,3160.0
203,2020-10-22,United States of America,0,7890358,0,216640,204712,4101653.0,3160.1701,3189.87,3176.4,3198.75,3121.94
204,2020-10-23,United States of America,432197,8322555,5948,222588,153745,3466687.0,3170.6438,3191.0,3204.4,3205.33,3140.0
205,2020-10-26,United States of America,0,8322555,0,222588,253420,5900901.0,3210.5859,3198.74,3207.04,3282.9799,3153.3
206,2020-10-27,United States of America,0,8322555,0,222588,191067,4291047.0,3257.548,3224.94,3286.33,3291.66,3211.3
207,2020-10-28,United States of America,0,8322555,0,222588,272695,5588330.0,3194.9590000000003,3249.3,3162.78,3264.02,3162.47
208,2020-10-29,United States of America,0,8322555,0,222588,328194,6587600.0,3209.6178,3201.27,3211.01,3257.25,3164.0
209,2020-10-30,United States of America,525357,8847912,6234,228822,475613,8396081.0,3065.5368,3157.75,3036.15,3167.0040000000004,3019.0
210,2020-11-02,United States of America,0,8847912,0,228822,406206,7235230.0,3002.3459,3061.74,3004.48,3079.705,2950.12
211,2020-11-03,United States of America,0,8847912,0,228822,247963,4897747.0,3045.9706,3018.53,3048.41,3074.9,2980.98
212,2020-11-04,United States of America,0,8847912,0,228822,323719,6839041.0,3208.7783,3159.99,3241.16,3244.85,3139.73
213,2020-11-05,United States of America,0,8847912,0,228822,263106,5785685.0,3333.0865,3319.97,3322.0,3366.8,3288.88
214,2020-11-06,United States of America,702015,9549927,7211,236033,206123,4617250.0,3285.9249,3304.64,3311.37,3322.0,3232.0
215,2020-11-09,United States of America,0,9549927,0,236033,382356,7190406.0,3206.0707,3231.03,3143.74,3289.0,3112.1057
216,2020-11-10,United States of America,0,9549927,0,236033,379848,6564956.0,3052.0917,3095.02,3035.02,3114.0,3019.4828
217,2020-11-11,United States of America,0,9549927,0,236033,224336,4358523.0,3112.6121,3061.78,3137.39,3139.145,3050.0
218,2020-11-12,United States of America,0,9549927,0,236033,215252,4371208.0,3123.1409,3159.95,3110.28,3175.88,3086.05
219,2020-11-13,United States of America,917605,10467532,8299,244332,181421,3762587.0,3114.4312,3122.0,3128.81,3141.7227,3085.39
220,2020-11-16,United States of America,0,10467532,0,244332,190494,3808676.0,3116.8815,3093.2,3131.06,3142.7,3072.685
221,2020-11-17,United States of America,0,10467532,0,244332,187447,3444735.0,3157.0513,3183.5445,3135.66,3189.25,3135.26
222,2020-11-18,United States of America,0,10467532,0,244332,169469,2916836.0,3121.5015,3134.0,3105.46,3140.0,3105.1
223,2020-11-19,United States of America,0,10467532,0,244332,164545,2997770.0,3108.7158,3105.31,3117.02,3125.0,3080.92
224,2020-11-20,United States of America,1139376,11606908,9639,253971,163911,3346388.0,3111.8099,3117.02,3099.4,3132.89,3098.0456
225,2020-11-23,United States of America,0,11606908,0,253971,256233,4708887.0,3100.0714,3116.6986,3098.39,3139.745,3065.46
226,2020-11-24,United States of America,0,11606908,0,253971,206272,3587102.0,3112.7057,3100.5,3118.06,3134.25,3086.258
227,2020-11-25,United States of America,0,11606908,0,253971,217294,3774803.0,3176.2702,3141.87,3185.07,3198.0,3140.26
228,2020-11-27,United States of America,1247586,12854494,12621,266592,130646,2392867.0,3203.3691,3211.26,3195.34,3216.19,3190.05
229,2020-11-30,United States of America,0,12854494,0,266592,230589,4063916.0,3166.077,3208.48,3168.04,3228.39,3125.55
230,2020-12-01,United States of America,0,12854494,0,266592,236351,4544382.0,3208.3125,3188.5,3220.08,3248.95,3157.18
231,2020-12-02,United States of America,0,12854494,0,266592,166667,3127424.0,3206.3903,3221.65,3203.53,3232.0,3173.2601
232,2020-12-03,United States of America,0,12854494,0,266592,167058,2892039.0,3201.9362,3205.46,3186.73,3228.64,3181.31
233,2020-12-04,United States of America,1169704,14024198,12537,279129,165673,2913611.0,3170.3631,3198.21,3162.58,3198.21,3158.76
234,2020-12-07,United States of America,0,14024198,0,279129,149203,2751316.0,3157.781,3156.48,3158.0,3180.76,3141.69
235,2020-12-08,United States of America,0,14024198,0,279129,181280,3286303.0,3152.5959999999995,3158.9,3177.29,3184.13,3120.02
236,2020-12-09,United States of America,0,14024198,0,279129,240020,4100836.0,3126.3967,3167.89,3104.2,3174.43,3088.0
237,2020-12-10,United States of America,0,14024198,0,279129,174755,3029822.0,3109.8409,3088.99,3101.49,3142.1,3076.0
238,2020-12-11,United States of America,1474525,15498723,16530,295659,158149,3028295.0,3100.7187,3096.66,3116.42,3118.67,3072.82
239,2020-12-14,United States of America,0,15498723,0,295659,202647,4155074.0,3169.3117,3143.0,3156.97,3190.47,3126.0
240,2020-12-15,United States of America,0,15498723,0,295659,162626,3323686.0,3157.1352,3181.01,3165.12,3188.4999,3130.49
241,2020-12-16,United States of America,0,15498723,0,295659,212078,4412826.0,3219.3181,3176.01,3240.96,3247.0,3163.68
242,2020-12-17,United States of America,0,15498723,0,295659,156922,3474347.0,3239.6763,3250.0,3236.08,3263.51,3221.0
243,2020-12-18,United States of America,1518758,17017481,18429,314088,205390,5995713.0,3202.3084,3243.99,3201.65,3249.42,3171.6
244,2020-12-21,United States of America,0,17017481,0,314088,178095,3836560.0,3202.0967,3200.01,3206.18,3226.9666,3166.0
245,2020-12-22,United States of America,0,17017481,0,314088,129229,2381781.0,3201.2078,3202.8434,3206.52,3222.0,3180.08
246,2020-12-23,United States of America,0,17017481,0,314088,108006,2093787.0,3196.6842,3205.0,3185.27,3210.13,3184.17
247,2020-12-24,United States of America,0,17017481,0,314088,80009,1451677.0,3182.6301,3193.9,3172.69,3202.0,3169.0
248,2020-12-28,United States of America,0,18509236,0,333278,254209,5656787.0,3257.3736,3194.0,3283.96,3304.0,3172.69
249,2020-12-29,United States of America,0,18509236,0,333278,209313,4865433.0,3322.1943,3309.94,3322.0,3350.65,3281.223
250,2020-12-30,United States of America,0,18509236,0,333278,140256,3116110.0,3305.6004,3341.0,3285.85,3342.1,3282.47
251,2020-12-31,United States of America,0,18509236,0,333278,126766,2940486.0,3256.4933,3275.0,3256.93,3282.9219,3241.2
252,2021-01-04,United States of America,0,19806769,0,350103,244077,4411416.0,3193.6101,3270.0,3186.63,3272.0,3144.02
253,2021-01-05,United States of America,0,19806769,0,350103,135626,2655548.0,3203.704,3166.01,3218.51,3223.38,3165.06
254,2021-01-06,United States of America,0,19806769,0,350103,236833,4394815.0,3162.8567,3146.48,3138.38,3197.509,3131.16
255,2021-01-07,United States of America,0,19806769,0,350103,166748,3514545.0,3183.9906,3157.0,3162.16,3208.542,3155.0
256,2021-01-08,United States of America,1601258,21408027,19224,369327,190280,3514954.0,3166.2416,3180.0,3182.7,3190.64,3142.2
257,2021-01-11,United States of America,0,21408027,0,369327,211079,3654095.0,3131.1142,3148.01,3114.21,3156.3841,3110.0
258,2021-01-12,United States of America,0,21408027,0,369327,192771,3484582.0,3116.6404,3120.0,3120.83,3142.1418,3086.0
259,2021-01-13,United States of America,0,21408027,0,369327,166014,3317494.0,3167.1571,3128.44,3165.89,3189.95,3122.08
260,2021-01-14,United States of America,0,21408027,0,369327,158481,3070919.0,3146.062,3167.52,3127.47,3177.9999,3120.59
261,2021-01-15,United States of America,1703151,23111178,23283,392610,182766,4223995.0,3110.5462,3123.02,3104.25,3142.545,3095.17
262,2021-01-19,United States of America,0,23111178,0,392610,160325,3273780.0,3121.097,3107.0,3120.76,3145.0,3096.0
263,2021-01-20,United States of America,0,23111178,0,392610,249048,5309835.0,3235.4181,3181.99,3263.38,3279.8,3175.0
264,2021-01-21,United States of America,0,23111178,0,392610,225977,4941851.0,3317.4933,3293.0,3306.99,3348.55,3289.5675
265,2021-01-22,United States of America,1373465,24484643,21497,414107,132727,2821914.0,3297.9776,3304.31,3292.23,3321.91,3283.1644
266,2021-01-25,United States of America,0,24484643,0,414107,183652,3749753.0,3305.8312,3328.5,3294.0,3363.89,3243.1463
267,2021-01-26,United States of America,0,24484643,0,414107,138616,2955235.0,3323.0162,3296.3559,3326.13,3338.0,3282.87
268,2021-01-27,United States of America,0,24484643,0,414107,237909,4660158.0,3266.9584,3341.49,3232.58,3346.52,3207.08
269,2021-01-28,United States of America,0,24484643,0,414107,159385,3149228.0,3261.6402,3235.04,3237.62,3301.68,3228.69
270,2021-01-29,United States of America,1136511,25621154,22498,436605,193750,4293556.0,3209.3337,3230.0,3206.2,3236.99,3186.0001
271,2021-02-01,United States of America,0,25621154,0,436605,208720,4158202.0,3307.9135,3242.36,3342.88,3350.26,3235.025
272,2021-02-02,United States of America,0,25621154,0,436605,349007,7098106.0,3399.0645,3380.0,3380.0,3427.74,3361.125
273,2021-02-03,United States of America,0,25621154,0,436605,335473,7088781.0,3370.0891,3425.01,3312.53,3434.0,3308.62
274,2021-02-04,United States of America,0,25621154,0,436605,179352,3670661.0,3312.4187,3330.0,3331.0,3347.0,3277.75
275,2021-02-05,United States of America,951870,26573024,21128,457733,156673,3598263.0,3340.8984,3319.0,3352.15,3377.0,3302.71
276,2021-02-08,United States of America,0,26573024,0,457733,171436,3257391.0,3320.3817,3358.5,3322.94,3364.9999,3304.0
277,2021-02-09,United States of America,0,26573024,0,457733,126607,2203526.0,3314.7945,3312.49,3305.0,3338.0,3297.84
278,2021-02-10,United States of America,0,26573024,0,457733,158357,3021550.0,3281.3295,3314.0,3286.58,3317.9548,3254.0
279,2021-02-11,United States of America,0,26573024,0,457733,128763,2301417.0,3264.9162,3292.0,3262.13,3292.0,3248.06
280,2021-02-12,United States of America,725836,27298860,19089,476822,117762,2335339.0,3258.3467,3250.0,3277.71,3280.25,3233.31
281,2021-02-16,United States of America,0,27298860,0,476822,138112,2573281.0,3275.0891,3254.05,3268.95,3308.3,3253.591
282,2021-02-17,United States of America,0,27298860,0,476822,159164,3302099.0,3298.7618,3263.6,3308.64,3320.91,3259.4996
283,2021-02-18,United States of America,0,27298860,0,476822,150467,3033607.0,3313.3713,3282.42,3328.23,3338.0,3273.94
284,2021-02-19,United States of America,537397,27836257,14294,491116,186659,4305184.0,3286.6511,3328.23,3249.9,3333.5,3245.75
285,2021-02-22,United States of America,0,27836257,0,491116,194812,3501179.0,3194.9223,3208.13,3180.74,3232.3199,3172.26
286,2021-02-23,United States of America,0,27836257,0,491116,243836,4677222.0,3148.3594,3127.03,3194.5,3204.73,3093.6
287,2021-02-24,United States of America,0,27836257,0,491116,174835,3011275.0,3153.3232,3166.75,3159.53,3171.23,3125.38
288,2021-02-25,United States of America,0,27836257,0,491116,295583,4533801.0,3097.8177,3136.74,3057.16,3178.26,3047.76
289,2021-02-26,United States of America,475341,28311598,13789,504905,215555,4275930.0,3087.5508,3095.2,3092.93,3122.44,3036.7
290,2021-03-01,United States of America,0,28311598,0,504905,155961,2733963.0,3127.4231,3127.89,3146.14,3149.56,3097.99
291,2021-03-02,United States of America,0,28311598,0,504905,137796,2595762.0,3127.2835,3143.47,3094.53,3163.52,3087.1201
292,2021-03-03,United States of America,0,28311598,0,504905,265872,3988725.0,3033.0092,3081.18,3005.0,3107.775,2995.0
293,2021-03-04,United States of America,0,28311598,0,504905,320905,5461578.0,3000.7238,3012.0,2977.57,3058.13,2945.43
294,2021-03-05,United States of America,442190,28753788,13590,518495,314581,5373551.0,2960.6952,3005.0,3000.46,3009.0,2881.0001
295,2021-03-08,United States of America,0,28753788,0,518495,225890,4089308.0,3000.1421,3015.0,2951.95,3064.59,2951.31
296,2021-03-09,United States of America,0,28753788,0,518495,198934,4030032.0,3057.8624,3017.99,3062.85,3090.96,3005.1474
297,2021-03-10,United States of America,0,28753788,0,518495,163117,3012489.0,3064.006,3098.45,3057.64,3116.46,3030.05
298,2021-03-11,United States of America,0,28753788,0,518495,150914,2772399.0,3110.8571,3104.01,3113.59,3131.7843,3082.93
299,2021-03-12,United States of America,391468,29145256,9795,528290,150742,2421568.0,3073.4933,3075.0,3089.49,3098.98,3045.5
300,2021-03-15,United States of America,0,29145256,0,528290,164272,2918592.0,3059.6054,3074.57,3081.68,3082.24,3032.09
301,2021-03-16,United States of America,0,29145256,0,528290,135941,2538764.0,3102.5567,3104.97,3091.86,3128.91,3075.8601
302,2021-03-17,United States of America,0,29145256,0,528290,179314,3118314.0,3121.3682,3073.22,3135.73,3173.05,3070.22
303,2021-03-18,United States of America,0,29145256,0,528290,212050,3657027.0,3065.0724,3101.0,3027.99,3116.63,3025.0
304,2021-03-19,United States of America,380713,29525969,7500,535790,167143,4610334.0,3054.172,3029.23,3074.96,3077.285,3016.63
305,2021-03-22,United States of America,0,29525969,0,535790,148669,2902179.0,3108.2449,3067.85,3110.87,3126.58,3060.05
306,2021-03-23,United States of America,0,29525969,0,535790,184398,3817263.0,3151.5112,3127.0,3137.5,3182.0,3120.8501
307,2021-03-24,United States of America,0,29525969,0,535790,162871,2958981.0,3122.2654,3151.04,3087.07,3160.31,3085.15
308,2021-03-25,United States of America,0,29525969,0,535790,181977,3562269.0,3063.6366,3072.99,3046.26,3109.78,3037.14
309,2021-03-26,United States of America,401662,29927631,7272,543062,179219,3312924.0,3035.2678,3044.06,3052.03,3056.66,2996.0
310,2021-03-29,United States of America,0,29927631,0,543062,140592,2735468.0,3066.3924,3055.4394,3075.73,3091.25,3028.445
311,2021-03-30,United States of America,0,29927631,0,543062,124463,2337603.0,3053.3091,3070.01,3055.29,3073.0,3034.0
312,2021-03-31,United States of America,0,29927631,0,543062,143696,3093896.0,3098.4555,3064.06,3094.08,3119.33,3062.5
313,2021-04-01,United States of America,0,29927631,0,543062,147624,2940318.0,3139.591,3117.94,3161.0,3162.44,3115.55
314,2021-04-05,United States of America,0,30374196,0,549397,173200,3314882.0,3211.4324,3173.0,3226.73,3235.955,3161.24
315,2021-04-06,United States of America,0,30374196,0,549397,127569,2537809.0,3232.075,3223.75,3223.82,3247.31,3217.04
316,2021-04-07,United States of America,0,30374196,0,549397,162245,3346227.0,3276.9336,3233.8,3279.39,3303.6125,3223.65
317,2021-04-08,United States of America,0,30374196,0,549397,150496,2812090.0,3310.1020000000003,3310.9,3299.3,3324.5,3292.0
318,2021-04-09,United States of America,455629,30829825,7108,556505,210311,4338473.0,3343.3518,3304.7,3372.2,3372.2,3288.9
319,2021-04-12,United States of America,0,30829825,0,556505,154354,3281798.0,3375.3129,3355.21,3379.39,3395.04,3351.15
320,2021-04-13,United States of America,0,30829825,0,556505,173494,3300837.0,3414.6571,3400.845,3400.0,3432.0,3395.63
321,2021-04-14,United States of America,0,30829825,0,556505,177490,3135204.0,3354.9255,3404.04,3333.0,3404.13,3326.0
322,2021-04-15,United States of America,0,30829825,0,556505,156816,3233080.0,3375.4923,3371.0,3379.09,3396.9999,3352.0
323,2021-04-16,United States of America,491639,31321464,5264,561769,156901,3184549.0,3389.6023,3380.0,3399.44,3406.8,3355.59
324,2021-04-19,United States of America,0,31321464,0,561769,148916,2725405.0,3385.8229,3390.33,3372.01,3435.9333,3360.16
325,2021-04-20,United States of America,0,31321464,0,561769,143655,2623032.0,3339.696,3373.6,3334.69,3382.99,3316.0
326,2021-04-21,United States of America,0,31321464,0,561769,121428,2210945.0,3344.199,3316.0,3362.02,3362.86,3303.8061
327,2021-04-22,United States of America,0,31321464,0,561769,141914,2576950.0,3334.7739,3371.68,3309.04,3372.87,3301.45
328,2021-04-23,United States of America,438557,31760021,4996,566765,136899,3196612.0,3345.6811,3319.1,3340.88,3375.0,3308.5
329,2021-04-26,United States of America,0,31760021,0,566765,229396,4880708.0,3390.1659,3348.0,3409.0,3428.45,3330.94
330,2021-04-27,United States of America,0,31760021,0,566765,182726,3827140.0,3424.6683,3443.47,3417.43,3460.0,3398.01
331,2021-04-28,United States of America,0,31760021,0,566765,220336,4631884.0,3467.6796,3434.8,3458.5,3489.88,3425.0
332,2021-04-29,United States of America,0,31760021,0,566765,377685,7682381.0,3506.4921,3505.0981,3471.31,3514.445,3435.0
333,2021-04-30,United States of America,363711,32123732,5014,571779,314972,6970100.0,3506.5476,3525.12,3467.42,3554.0,3462.5
334,2021-05-03,United States of America,0,32123732,0,571779,270975,5815530.0,3417.4463,3484.73,3386.49,3486.645,3372.7012
335,2021-05-04,United States of America,0,32123732,0,571779,282615,5435849.0,3310.2633,3356.19,3311.87,3367.975,3272.13
336,2021-05-05,United States of America,0,32123732,0,571779,202539,3711308.0,3301.7591,3338.855,3270.54,3354.695,3264.36
337,2021-05-06,United States of America,0,32123732,0,571779,196856,4447696.0,3285.7670000000003,3270.0,3306.37,3314.4,3247.2
338,2021-05-07,United States of America,321836,32445568,5035,576814,200632,4710276.0,3306.6213,3319.09,3291.61,3330.89,3289.0704
339,2021-05-10,United States of America,0,32445568,0,576814,270467,5828603.0,3219.0879,3282.32,3190.49,3283.0,3190.0
340,2021-05-11,United States of America,0,32445568,0,576814,228010,4619781.0,3196.0361,3136.28,3223.91,3238.0,3127.37
341,2021-05-12,United States of America,0,32445568,0,576814,236517,4936410.0,3161.349,3185.0,3151.94,3207.94,3133.1
342,2021-05-13,United States of America,0,32445568,0,576814,186979,3356877.0,3163.9099,3185.47,3161.47,3203.84,3133.0
343,2021-05-14,United States of America,251246,32696814,4293,581107,149373,3325022.0,3213.4506,3185.56,3222.9,3228.86,3183.0
344,2021-05-17,United States of America,0,32696814,0,581107,174135,3723925.0,3265.4482,3245.93,3270.39,3292.75,3234.59
345,2021-05-18,United States of America,0,32696814,0,581107,152928,2828391.0,3274.7564,3292.575,3232.28,3312.0,3230.37
346,2021-05-19,United States of America,0,32696814,0,581107,148480,2679108.0,3214.8806,3195.0,3231.8,3234.75,3184.0
347,2021-05-20,United States of America,0,32696814,0,581107,126849,2633192.0,3247.1862,3244.4042,3247.68,3259.6799,3236.18
348,2021-05-21,United States of America,206955,32903769,4005,585112,173247,4104882.0,3214.2532,3250.0,3203.08,3256.6946,3197.01
349,2021-05-24,United States of America,0,32903769,0,585112,123767,2412813.0,3243.643,3215.5,3244.99,3257.95,3210.4993
350,2021-05-25,United States of America,0,32903769,0,585112,158872,3261109.0,3248.9752,3266.67,3259.05,3279.82,3213.76
351,2021-05-26,United States of America,0,32903769,0,585112,138708,2383986.0,3273.0721,3274.5905,3265.16,3295.73,3258.51
352,2021-05-27,United States of America,0,32903769,0,585112,137881,2561157.0,3243.5328,3256.0,3230.11,3260.355,3230.04
353,2021-05-28,United States of America,159850,33063619,3933,589045,127454,2331509.0,3233.3939,3242.0,3223.07,3247.99,3219.7
354,2021-06-01,United States of America,0,33063619,0,589045,125695,2430045.0,3225.2295,3243.495,3218.65,3250.98,3209.06
355,2021-06-02,United States of America,0,33063619,0,589045,122805,2014524.0,3223.8511,3223.1,3233.99,3235.0,3208.0
356,2021-06-03,United States of America,0,33063619,0,589045,152143,2397068.0,3195.9641,3204.23,3187.01,3214.435,3184.03
357,2021-06-04,United States of America,110519,33174138,3683,592728,123003,2249749.0,3209.51,3212.0,3206.22,3221.0,3198.81
358,2021-06-07,United States of America,0,33174138,0,592728,140751,2215756.0,3193.5769,3197.33,3198.01,3208.0,3172.2
359,2021-06-08,United States of America,0,33174138,0,592728,167031,3416730.0,3255.3465,3222.61,3264.11,3279.5321,3218.01
360,2021-06-09,United States of America,0,33174138,0,592728,137740,2455530.0,3285.9246,3272.87,3281.15,3297.58,3270.7
361,2021-06-10,United States of America,0,33174138,0,592728,169736,3472630.0,3327.3974,3282.01,3349.65,3351.0,3281.15
362,2021-06-11,United States of America,99500,33273638,2768,595496,148937,2717352.0,3347.8235,3349.65,3346.83,3366.58,3333.45
363,2021-06-14,United States of America,0,33273638,0,595496,117442,2554655.0,3370.3631,3346.83,3383.87,3385.0,3335.5
364,2021-06-15,United States of America,0,33273638,0,595496,117989,2426200.0,3378.95,3384.0,3383.13,3396.9866,3363.1101
365,2021-06-16,United States of America,0,33273638,0,595496,188631,4202782.0,3402.1685,3392.0,3415.25,3426.35,3360.53
366,2021-06-17,United States of America,0,33273638,0,595496,222699,5132331.0,3462.8249,3403.18,3489.24,3497.2,3401.0
367,2021-06-18,United States of America,86396,33360034,2313,597809,201606,5247737.0,3490.7744,3479.99,3486.9,3507.0,3473.71
368,2021-06-21,United States of America,0,33360034,0,597809,165091,3270890.0,3459.7152,3476.42,3453.96,3482.0,3434.0
369,2021-06-22,United States of America,0,33360034,0,597809,163606,3345082.0,3500.1496,3458.06,3505.44,3523.78,3456.09
370,2021-06-23,United States of America,0,33360034,0,597809,138412,2713341.0,3501.6508,3505.0,3503.82,3521.0,3483.2
371,2021-06-24,United States of America,0,33360034,0,597809,202080,3831999.0,3472.5306,3507.64,3449.08,3524.8599,3430.85
372,2021-06-25,United States of America,81785,33441819,2023,599832,187863,3935867.0,3409.125,3464.0,3401.46,3464.82,3394.18
373,2021-06-28,United States of America,0,33441819,0,599832,123709,2237793.0,3434.2602,3416.0,3443.89,3448.0,3413.5098
374,2021-06-29,United States of America,0,33441819,0,599832,107940,2098439.0,3443.1431,3438.82,3448.14,3456.03,3423.03
375,2021-06-30,United States of America,0,33441819,0,599832,112791,2400992.0,3452.9716,3441.06,3440.16,3471.6019,3435.0
376,2021-07-01,United States of America,0,33441819,0,599832,112681,2037053.0,3431.4139,3434.61,3432.97,3457.0,3409.4206
377,2021-07-02,United States of America,93939,33535758,1902,601734,149295,3175557.0,3481.0604,3451.64,3510.98,3511.72,3436.92
378,2021-07-06,United States of America,0,33535758,0,601734,370654,6743268.0,3633.6333,3530.11,3675.74,3685.48,3529.0
379,2021-07-07,United States of America,0,33535758,0,601734,269133,5273062.0,3705.86,3717.3772,3696.58,3734.2,3678.91
380,2021-07-08,United States of America,0,33535758,0,601734,264135,5178813.0,3700.1711,3643.56,3731.41,3759.9855,3621.12
381,2021-07-09,United States of America,109451,33645209,1660,603394,185464,3743087.0,3721.5756,3722.52,3719.34,3748.0,3693.3968
382,2021-07-12,United States of America,0,33645209,0,603394,141488,2571635.0,3719.2459,3744.0,3718.55,3757.2899,3696.7929
383,2021-07-13,United States of America,0,33645209,0,603394,190514,3845917.0,3722.7632,3702.1,3677.36,3773.0782,3671.32
384,2021-07-14,United States of America,0,33645209,0,603394,156692,3256568.0,3693.1674,3708.85,3681.68,3717.66,3660.8266
385,2021-07-15,United States of America,0,33645209,0,603394,180273,3182992.0,3645.9829,3694.2,3631.2,3695.4,3620.92
386,2021-07-16,United States of America,178396,33823605,1890,605284,186260,4041006.0,3590.8143,3633.31,3573.63,3646.0599,3570.455
387,2021-07-19,United States of America,0,33823605,0,605284,206647,3784595.0,3529.5534,3532.58,3549.59,3550.21,3499.16
388,2021-07-20,United States of America,0,33823605,0,605284,161280,3240680.0,3564.0573,3567.32,3573.19,3592.0,3518.0
389,2021-07-21,United States of America,0,33823605,0,605284,126313,2302689.0,3569.4979,3576.375,3585.2,3586.45,3543.6415
390,2021-07-22,United States of America,0,33823605,0,605284,134363,3265352.0,3624.3819,3587.23,3638.03,3640.02,3582.27
391,2021-07-23,United States of America,288108,34111713,1971,607255,124047,2426292.0,3651.5370000000003,3640.0,3656.64,3666.11,3622.04
392,2021-07-26,United States of America,0,34111713,0,607255,141928,2865068.0,3693.2399,3673.17,3699.82,3712.08,3647.25
393,2021-07-27,United States of America,0,34111713,0,607255,215885,4131890.0,3624.3869,3698.5,3626.39,3698.5,3586.15
394,2021-07-28,United States of America,0,34111713,0,607255,153230,2999378.0,3630.4874,3633.78,3630.32,3658.4204,3601.0
395,2021-07-29,United States of America,0,34111713,0,607255,346725,5519952.0,3521.6203,3627.75,3599.92,3637.95,3580.01
396,2021-07-30,United States of America,452845,34564558,2333,609588,625283,9964063.0,3341.8704,3347.95,3327.59,3368.14,3306.98
397,2021-08-02,United States of America,0,34564558,0,609588,251829,3344315.0,3333.8971,3353.1,3331.48,3358.92,3317.0
398,2021-08-03,United States of America,0,34564558,0,609588,246723,4127343.0,3347.3796,3340.72,3366.24,3391.0,3299.77
399,2021-08-04,United States of America,0,34564558,0,609588,145439,2183945.0,3360.9990000000003,3379.35,3354.72,3388.88,3345.56
400,2021-08-05,United States of America,0,34564558,0,609588,137950,2353503.0,3373.6465,3356.22,3375.99,3389.0,3340.92
401,2021-08-06,United States of America,668277,35232835,2996,612584,156593,2637644.0,3344.9212,3375.0,3344.94,3375.0,3329.0373
402,2021-08-09,United States of America,0,35232835,0,612584,122067,2143470.0,3340.7428,3343.61,3341.87,3354.88,3328.52
403,2021-08-10,United States of America,0,35232835,0,612584,140754,2390051.0,3328.2004,3345.01,3320.68,3358.0,3315.0
404,2021-08-11,United States of America,0,35232835,0,612584,194165,2947249.0,3298.2546,3331.4469,3292.11,3337.7,3277.79
405,2021-08-12,United States of America,0,35232835,0,612584,137475,2321323.0,3296.0562,3290.0,3303.5,3314.51,3269.67
406,2021-08-13,United States of America,900554,36133389,4821,617405,122198,2056699.0,3291.2703,3305.67,3293.97,3306.065,3283.0
407,2021-08-16,United States of America,0,36133389,0,617405,207711,3328494.0,3258.9774,3283.0,3298.99,3300.0,3211.13
408,2021-08-17,United States of America,0,36133389,0,617405,187346,3387922.0,3248.1681,3277.5,3241.96,3280.49,3225.68
409,2021-08-18,United States of America,0,36133389,0,617405,173523,2719311.0,3222.238,3241.99,3201.22,3254.0975,3200.0
410,2021-08-19,United States of America,0,36133389,0,617405,191232,3722862.0,3204.8666,3194.02,3187.75,3233.0,3182.4637
411,2021-08-20,United States of America,1000094,37133483,6058,623463,192109,3314928.0,3190.4897,3203.8725,3199.95,3207.81,3175.76
412,2021-08-23,United States of America,0,37133483,0,623463,161928,3268131.0,3257.6448,3211.9,3265.87,3280.9,3210.005
413,2021-08-24,United States of America,0,37133483,0,623463,146849,2551841.0,3299.8073,3280.0,3305.78,3315.4942,3274.58
414,2021-08-25,United States of America,0,37133483,0,623463,116100,1680306.0,3298.7163,3309.87,3299.18,3321.0,3286.15
415,2021-08-26,United States of America,0,37133483,0,623463,118469,2068761.0,3315.913,3299.0,3316.0,3332.0,3296.0
416,2021-08-27,United States of America,1005717,38139200,7739,631202,129092,2402369.0,3337.0786,3333.23,3349.63,3352.32,3313.75
417,2021-08-30,United States of America,0,38139200,0,631202,191516,3190354.0,3417.0943,3357.425,3421.57,3445.0,3355.22
418,2021-08-31,United States of America,0,38139200,0,631202,170893,4351634.0,3451.4796,3424.8,3470.79,3472.58,3395.59
419,2021-09-01,United States of America,0,38139200,0,631202,209047,3629911.0,3504.3581,3496.3959999999997,3479.0,3527.0,3475.24
420,2021-09-02,United States of America,0,38139200,0,631202,149245,2925594.0,3482.6048,3494.76,3463.12,3511.9608,3455.0
421,2021-09-03,United States of America,1175785,39314985,10020,641222,137592,2578324.0,3459.4418,3452.0,3478.05,3482.67,3436.44
422,2021-09-07,United States of America,0,39314985,0,641222,158497,2775894.0,3510.3793,3478.0,3509.29,3528.09,3476.94
423,2021-09-08,United States of America,0,39314985,0,641222,155684,3050764.0,3520.6653,3511.65,3525.5,3545.63,3495.67
424,2021-09-09,United States of America,0,39314985,0,641222,145322,2719241.0,3512.9097,3526.02,3484.16,3549.99,3480.37
425,2021-09-10,United States of America,1041731,40356716,10749,651971,128258,2397269.0,3484.3861,3501.8308,3469.15,3508.45,3462.9055
426,2021-09-13,United States of America,0,40356716,0,651971,136815,2607447.0,3462.4225,3482.8,3457.17,3497.96,3438.0001
427,2021-09-14,United States of America,0,40356716,0,651971,116508,1998428.0,3458.5515,3475.55,3450.0,3486.8059999999996,3437.7104
428,2021-09-15,United States of America,0,40356716,0,651971,159903,3013949.0,3444.8961,3442.52,3475.79,3485.42,3402.01
429,2021-09-16,United States of America,0,40356716,0,651971,120734,2583598.0,3473.1984,3459.96,3488.24,3492.55,3446.1432
430,2021-09-17,United States of America,1082596,41439312,13711,665682,139489,4616556.0,3470.9557,3488.4146,3462.52,3497.41,3452.13
431,2021-09-20,United States of America,0,41439312,0,665682,262425,4657195.0,3353.7353,3396.0,3355.73,3419.0,3305.01
432,2021-09-21,United States of America,0,41439312,0,665682,150505,2780878.0,3354.8366,3375.0,3343.63,3379.7,3332.39
433,2021-09-22,United States of America,0,41439312,0,665682,130357,2411403.0,3370.5613,3351.0,3380.05,3389.0,3341.05
434,2021-09-23,United States of America,0,41439312,0,665682,122088,2379414.0,3411.2073,3380.05,3416.0,3428.96,3380.05
435,2021-09-24,United States of America,918339,42357651,14288,679970,108988,2116241.0,3409.0159,3402.01,3425.52,3429.26,3393.4
436,2021-09-27,United States of America,0,42357651,0,679970,175620,3633050.0,3375.5593,3371.5,3405.8,3415.57,3339.61
437,2021-09-28,United States of America,0,42357651,0,679970,230556,4428979.0,3319.7693,3357.71,3315.96,3369.19,3290.1001
438,2021-09-29,United States of America,0,42357651,0,679970,137607,2562268.0,3320.2515,3322.11,3301.12,3351.3,3297.87
439,2021-09-30,United States of America,0,42357651,0,679970,146891,2895647.0,3298.7119,3316.0,3285.04,3327.85,3273.99
440,2021-10-01,United States of America,799351,43157002,14502,694472,155929,2835617.0,3278.1385,3289.01,3283.26,3309.1746,3255.94
441,2021-10-04,United States of America,0,43157002,0,694472,284936,4523057.0,3200.6374,3279.39,3189.78,3279.99,3176.25
442,2021-10-05,United States of America,0,43157002,0,694472,156917,3269108.0,3235.6113,3204.5,3221.0,3260.73,3202.4640000000004
443,2021-10-06,United States of America,0,43157002,0,694472,141936,2532977.0,3240.0872,3213.53,3262.01,3264.34,3198.62
444,2021-10-07,United States of America,0,43157002,0,694472,140135,2409075.0,3311.2286,3291.54,3302.43,3325.7459999999996,3283.06
445,2021-10-08,United States of America,703907,43860909,12604,707076,119976,2032333.0,3302.4102,3317.0,3288.62,3321.43,3288.2
446,2021-10-11,United States of America,0,43860909,0,707076,138871,2034203.0,3263.2009999999996,3275.0,3246.3,3292.5899,3238.1
447,2021-10-12,United States of America,0,43860909,0,707076,113786,1819571.0,3250.5915,3257.0,3247.33,3267.528,3236.28
448,2021-10-13,United States of America,0,43860909,0,707076,116775,2425086.0,3277.6266,3269.71,3284.28,3288.38,3261.0889
449,2021-10-14,United States of America,0,43860909,0,707076,114482,2111120.0,3303.0685,3302.4541,3299.86,3312.6,3290.78
450,2021-10-15,United States of America,616908,44477817,11151,718227,219397,5053741.0,3373.0194,3311.42,3409.02,3410.42,3304.0
451,2021-10-18,United States of America,0,44477817,0,718227,180494,3161515.0,3424.5138,3388.3576,3446.74,3449.17,3385.1
452,2021-10-19,United States of America,0,44477817,0,718227,136588,2386079.0,3438.7411,3434.29,3444.15,3454.69,3422.0
453,2021-10-20,United States of America,0,44477817,0,718227,131851,2119477.0,3426.4828,3452.66,3415.06,3462.86,3400.37
454,2021-10-21,United States of America,0,44477817,0,718227,118851,1881385.0,3429.1799,3414.25,3435.01,3440.28,3403.0
455,2021-10-22,United States of America,532066,45009883,11949,730176,191587,3129053.0,3363.3566,3421.0,3335.55,3429.84,3331.3
456,2021-10-25,United States of America,0,45009883,0,730176,165077,2225956.0,3319.1334,3335.0,3320.37,3347.7997,3297.7
457,2021-10-26,United States of America,0,45009883,0,730176,166253,2668342.0,3385.9221,3349.51,3376.07,3416.12,3343.98
458,2021-10-27,United States of America,0,45009883,0,730176,166769,2702224.0,3401.6540000000005,3388.0,3392.49,3437.0,3371.4534
459,2021-10-28,United States of America,0,45009883,0,730176,302600,5708733.0,3416.7649,3402.095,3446.57,3479.0,3386.0
460,2021-10-29,United States of America,503582,45513465,9352,739528,340476,6486077.0,3332.987,3300.02,3372.43,3374.82,3273.32
461,2021-11-01,United States of America,0,45513465,0,739528,232568,3608879.0,3324.9644,3361.8,3318.11,3375.86,3292.02
462,2021-11-02,United States of America,0,45513465,0,739528,168205,2627590.0,3304.1348,3315.01,3312.75,3331.115,3283.55
463,2021-11-03,United States of America,0,45513465,0,739528,189953,3397189.0,3351.2125,3309.0,3384.0,3394.92,3297.52
464,2021-11-04,United States of America,0,45513465,0,739528,266929,5352520.0,3459.0496,3370.0,3477.0,3498.625,3365.0001
465,2021-11-05,United States of America,502763,46016228,8527,748055,248626,4991951.0,3529.8824,3477.0,3518.99,3566.25,3476.98
466,2021-11-08,United States of America,0,46016228,0,748055,194048,3073992.0,3519.3147,3523.24,3488.98,3579.0,3487.86
467,2021-11-09,United States of America,0,46016228,0,748055,232272,4294922.0,3556.3719,3515.25,3576.23,3593.77,3501.425
468,2021-11-10,United States of America,0,46016228,0,748055,236741,4027369.0,3539.5208,3563.87,3482.05,3605.45,3463.09
469,2021-11-11,United States of America,0,46016228,0,748055,139744,2244406.0,3501.7056,3513.0,3472.5,3543.24,3467.47
470,2021-11-12,United States of America,538319,46554547,8266,756321,150660,2680234.0,3508.2305,3485.0,3525.15,3540.7262,3447.05
471,2021-11-15,United States of America,0,46554547,0,756321,160900,2879719.0,3551.9782,3537.0,3545.68,3593.88,3525.81
472,2021-11-16,United States of America,0,46554547,0,756321,128414,2217071.0,3547.2865,3539.0,3540.7,3576.5,3525.1466
473,2021-11-17,United States of America,0,46554547,0,756321,149754,2543430.0,3565.1465,3564.72,3549.0,3587.245,3545.35
474,2021-11-18,United States of America,0,46554547,0,756321,294574,5703538.0,3652.953,3566.35,3696.06,3704.2,3561.0
475,2021-11-19,United States of America,613851,47168398,7443,763764,255853,4936703.0,3720.7017,3712.69,3676.57,3762.145,3675.72
476,2021-11-22,United States of America,0,47168398,0,763764,278622,4844280.0,3614.2406,3676.3768,3572.57,3713.455,3567.5
477,2021-11-23,United States of America,0,47168398,0,763764,179284,3679246.0,3569.217,3585.04,3580.04,3621.05,3527.71
478,2021-11-24,United States of America,0,47168398,0,763764,141672,2328018.0,3577.0856,3562.67,3580.41,3613.64,3536.85
479,2021-11-26,United States of America,667618,47836016,8088,771852,172840,2991297.0,3546.1085,3602.095,3504.56,3633.5,3504.15
480,2021-11-29,United States of America,0,47836016,0,771852,176753,3265452.0,3569.5253,3547.6443,3561.57,3596.0,3531.5001
481,2021-11-30,United States of America,0,47836016,0,771852,214429,4001107.0,3523.4012,3563.5,3507.07,3585.77,3492.01
482,2021-12-01,United States of America,0,47836016,0,771852,209917,3756995.0,3502.3322,3545.0,3443.72,3559.88,3441.6
483,2021-12-02,United States of America,0,47836016,0,771852,179464,3236058.0,3449.0516,3460.0,3437.36,3492.7,3423.75
484,2021-12-03,United States of America,614753,48450769,7211,779063,240106,4035550.0,3385.5491,3455.0,3389.79,3469.865,3338.6
485,2021-12-06,United States of America,0,48450769,0,779063,198991,3443000.0,3418.7213,3393.0,3427.37,3473.91,3338.69
486,2021-12-07,United States of America,0,48450769,0,779063,175765,3320536.0,3519.3284,3492.0,3523.29,3549.99,3466.69
487,2021-12-08,United States of America,0,48450769,0,779063,135192,2262683.0,3518.2778,3523.01,3523.16,3543.6,3495.01
488,2021-12-09,United States of America,0,48450769,0,779063,130880,2303091.0,3500.1472,3515.0,3483.42,3539.39,3482.79
489,2021-12-10,United States of America,842352,49293121,11209,790272,171862,3028406.0,3440.9434,3508.34,3444.24,3518.54,3410.0
490,2021-12-13,United States of America,0,49293121,0,790272,175947,2506375.0,3402.9349,3440.0,3391.35,3442.0,3382.6
491,2021-12-14,United States of America,0,49293121,0,790272,170610,2798764.0,3359.3219,3351.0,3381.83,3389.98,3328.8
492,2021-12-15,United States of America,0,49293121,0,790272,222566,3789713.0,3382.7548,3371.96,3466.3,3472.0,3303.9
493,2021-12-16,United States of America,0,49293121,0,790272,179072,3043842.0,3405.6236,3467.3714,3377.42,3483.32,3363.205
494,2021-12-17,United States of America,837527,50130648,9580,799852,168582,4269858.0,3382.8987,3354.21,3400.35,3417.97,3312.2709999999997
495,2021-12-20,United States of America,0,50130648,0,799852,193163,2868633.0,3335.4213,3337.0,3341.58,3357.4851,3312.0
496,2021-12-21,United States of America,0,50130648,0,799852,187166,2797791.0,3374.8188,3357.01,3408.34,3414.3299,3312.95
497,2021-12-22,United States of America,0,50130648,0,799852,158595,2751773.0,3410.65,3385.395,3420.74,3441.0,3370.01
498,2021-12-23,United States of America,0,50130648,0,799852,120595,1838067.0,3424.0215,3408.56,3421.37,3439.5,3403.0
499,2021-12-27,United States of America,0,51284705,0,811439,198803,2942341.0,3409.6299,3420.74,3393.39,3458.86,3384.31
500,2021-12-28,United States of America,0,51284705,0,811439,161457,2733628.0,3415.2458,3403.65,3413.22,3443.5176,3382.71
501,2021-12-29,United States of America,0,51284705,0,811439,131064,1787702.0,3387.5379,3416.8,3384.02,3424.24,3372.0101
502,2021-12-30,United States of America,0,51284705,0,811439,128162,1879155.0,3393.6641,3394.0,3372.89,3417.76,3370.48
503,2021-12-31,United States of America,2116712,53401417,9960,821399,140700,2391519.0,3350.0241,3379.12,3334.34,3387.0,3331.17
